<?xml version="1.0" encoding="UTF-8"?><events>
	<event>
		<name>onDisplayItem</name>
		<label>on Item Displayed</label>
		<group>Object - custom</group>
	</event>
	<event>
		<name>onDisplayFirstItem</name>
		<label>on First Item Displayed</label>
		<group>Object - custom</group>
	</event>
	<event>
		<name>onDisplayLastItem</name>
		<label>on Last Item Displayed</label>
		<group>Object - custom</group>
	</event>
	<event>
		<name>onAllVisited</name>
		<label>on All Items Displayed</label>
		<group>Object - custom</group>
	</event>
</events>