<?xml version="1.0" encoding="UTF-8"?><!--
'*	splash_description.xml
'*	Copyright (c) Websoft Ltd.  All rights reserved.
--><params>
	<object>
		<label>Title-Slide description window</label>
		<width>400</width>
		<height>400</height>
		<default_text>tabtext</default_text>
		<description>Title slide popup window (limited capabilities and scope)</description>
		<state_extension>false</state_extension>
	</object>
    <page name="Main" w="320" h="160">
	
		<param type="label" id="lab_tabheader" text="Header" x="10" y="10" w="120" h="11"/>
		<param type="textedit" id="tabheader" text="" def="Module description" x="130" y="8" w="163" h="13"/>
		
		<param type="label" id="lab_tabtext" text="Main text" x="10" y="26" w="130" h="11"/>
		<param type="textedit" id="tabtext" text="" def="Default text" x="130" y="24" w="163" h="13"/>

		<param type="label" id="lab_close_tooltip" text="Close button tooltip" x="10" y="42" w="130" h="11"/>
		<param type="edit" id="close_tooltip" text="" def="Close window" x="130" y="40" w="180" h="13"/>
		
		<param type="label" id="lab_bg_color" text="Fill color" x="10" y="58" w="130" h="11"/>
		<param type="color" id="bg_color" text="" def="#FFFFFF" x="130" y="56" w="40" h="13"/>

		<param type="label" id="lab_border_color" text="Border color" x="10" y="74" w="120" h="11"/>
		<param type="color" id="border_color" text="" def="#336699" x="130" y="72" w="40" h="13"/>

		<param type="label" id="lab_border_width" text="Width, radius" def="" x="10" y="90" w="120" h="11"/>
		<param type="spinner" id="border_width" text="" def="1" x="130" y="88" w="32" h="13" min="0" max="99"/>
		<param type="label" id="lab_border_width2" text="px" def="" x="165" y="90" w="30" h="13"/>
		<param type="spinner" id="radius" text="" def="10" x="190" y="88" w="32" h="13" min="0" max="99"/>
		<param type="label" id="lab_radius2" text="px" def="" x="225" y="90" w="50" h="13"/>

		<param type="label" id="lab_padding" text="Text padding" def="" x="10" y="106" w="120" h="11"/>
		<param type="spinner" id="padding" text="" def="20" x="130" y="104" w="32" h="13" min="0" max="99"/>
		<param type="label" id="lab_padding2" text="px" def="" x="165" y="106" w="20" h="13"/>

		<param type="label" id="lab_shadow" text="Shadow" def="" x="10" y="122" w="120" h="11"/>
		<param type="select" id="shadow_strength" text="" def="normal" x="130" y="120" w="120" h="13">
			<items>
				<item id="none" label="None"/>
				<item id="extralight" label="Extra light"/>
				<item id="light" label="Light"/>
				<item id="normal" label="Normal"/>
				<item id="dark" label="Intense"/>
				<item id="extradark" label="Very intense"/>
			</items>
		</param>

		<param type="check" id="onewin" text="On open, close other similar objects" def="yes" x="10" y="136" w="300" h="13"/>
	</page>
</params>